{
  "images" : [
    {
      "idiom" : "universal",
      "filename" : "P-right-arrow.png",
      "language-direction" : "left-to-right",
      "scale" : "1x"
    },
    {
      "idiom" : "universal",
      "filename" : "P-left-arrow.png",
      "language-direction" : "right-to-left",
      "scale" : "1x"
    },
    {
      "idiom" : "universal",
      "filename" : "P-right-arrow@2x.png",
      "language-direction" : "left-to-right",
      "scale" : "2x"
    },
    {
      "idiom" : "universal",
      "filename" : "P-left-arrow@2x.png",
      "language-direction" : "right-to-left",
      "scale" : "2x"
    },
    {
      "idiom" : "universal",
      "scale" : "3x",
      "language-direction" : "left-to-right"
    },
    {
      "idiom" : "universal",
      "scale" : "3x",
      "language-direction" : "right-to-left"
    }
  ],
  "info" : {
    "version" : 1,
    "author" : "xcode"
  }
}